{
  "model_type": "svm",
  "accuracy": 0.5483870967741935,
  "all_results": {
    "naive_bayes": 0.532258064516129,
    "random_forest": 0.46774193548387094,
    "svm": 0.5483870967741935
  },
  "feature_count": 10000,
  "ngram_range": [
    1,
    3
  ],
  "training_date": "2025-10-04T07:57:30.575704"
}